ID;Tipo;Descricao;Criterios/Prio;Dep./Liga a;Esf./Modelo/Evidencia;Estado;Responsavel
WM-01;Historia de trabalho;Como equipa, quero acordar a notação dos cinco modelos, para que todos desenhem da mesma maneira.;"Uma página-resumo da notação (legenda comum, relâmpago, verde para o oficial); exemplo de cada modelo aprovado por todos; este guia aceite.";---;M;por fazer;
WM-02;Historia de trabalho;Como guardião do processo, quero uma estrutura de pastas e ficheiros-molde, para guardar os modelos sempre da mesma forma.;"Pasta individual/U#/; molde de notas de entrevista na plataforma escolhida; convenção de nomes; regra de anonimização escrita.";WM-01;S;por fazer;
WM-03;Historia de trabalho;Como guardião do processo, quero o consentimento de cada participante guardado fora do repositório, para cumprir o RGPD.;"Modelo de consentimento; registo de quem consentiu gravação, fotos e artefactos; nenhum dado pessoal no repositório.";---;S;por fazer;
WM-04;Historia de trabalho;Como entrevistador, quero passar as notas de cada entrevista a agente para o molde, para que a equipa as possa interpretar.;"Perfil (uma linha); relato cronológico; artefactos anexados e anonimizados; frases literais marcadas.";WM-02;M;por fazer;
WM-05;Historia de trabalho;Como subequipa, quero uma sessão de interpretação por entrevista a agente, para extrair notas numeradas.;"Sessão com os papéis do Capítulo 7; notas U#-n com observações, insights, influências culturais, perguntas, DI; separar opinião geral de caso concreto.";WM-04;M;por fazer;
WM-06;Historia de trabalho;Como guardião do processo, quero recrutar os três primeiros participantes (organizador, solo, caçador de promoções), para começar a recolha.;"3 participantes confirmados; artefactos pedidos com antecedência; rastro (diário de capturas) iniciado onde aplicável.";WM-03;M;por fazer;
WM-07;Historia de trabalho;Como entrevistador, quero conduzir a entrevista contextual segundo a estrutura do Capítulo 4, para obter casos concretos.;"Gravação de áudio; cópias de artefactos; esboço do modelo físico logo após; perfil preenchido.";WM-06;L;por fazer;
WM-08;Historia de trabalho;Como subequipa, quero interpretar cada entrevista até 48 h depois, para não perder pormenores.;"Sessão feita no prazo, com papéis rodados; notas numeradas e fotos dos modelos desenhados.";WM-07;M;por fazer;
WM-09;Historia de trabalho;Como dono do fluxo, quero o modelo de fluxo de cada participante, para ver quem coordena com quem.;"Cumpre a lista de verificação do fluxo; versão limpa digital + foto do original.";WM-05/08;M;por fazer;
WM-10;Historia de trabalho;Como dono da sequência, quero as sequências das tarefas observadas, para ver passos, gatilhos e intenções.;"Pelo menos uma sequência por tarefa principal; intenção, gatilho e breakdowns identificados.";WM-05/08;L;por fazer;
WM-11;Historia de trabalho;Como dono do artefacto, quero os artefactos interpretados, para perceber estrutura e uso.;Cópias anonimizadas e anotadas, com interpretação confirmada pelo participante.;WM-05/08;M;por fazer;
WM-12;Historia de trabalho;Como dono do cultural, quero o modelo cultural de cada participante, para ver as pressões invisíveis.;"Setas na voz do participante; pushback; relâmpagos só em casos graves; cada influência ligada a uma nota.";WM-05/08;M;por fazer;
WM-13;Historia de trabalho;Como entrevistador, quero desenhar o modelo físico da minha entrevista, para registar o contexto.;"Caricatura focada no projeto; dispositivos, locais, movimento e breakdowns.";WM-07;S;por fazer;
WM-14;Historia de trabalho;Como revisor, quero rever cada modelo com a lista de verificação, para garantir qualidade antes de consolidar.;"Lista preenchida e anexa; correções feitas; estado «feito» só depois da revisão.";WM-09 a 13;S;por fazer;
WM-15;Historia de trabalho;Como equipa, quero consolidar cada tipo de modelo (Capítulo 8) quando houver 6--8 participantes do mesmo papel, para ver o padrão comum.;"Um fluxo, um cultural, um físico e sequências consolidados; variações registadas.";WM-14;L;por fazer;
WM-16;Historia de trabalho;Como responsável pelos requisitos, quero ligar cada requisito a evidência dos modelos, para que nenhum seja inventado.;"Tabela de rastreabilidade (Secção seguinte); cada RF/RNF cita pelo menos um ID de nota ou modelo.";WM-14;M;por fazer;
WM-17;Historia de trabalho;Como equipa, quero rever as hipóteses de produto (US) à luz dos modelos reais, para confirmar, alterar ou descartar.;Cada US com estado: confirmada / alterada / descartada, com justificação.;WM-15;M;por fazer;
US-01;Historia de produto;Como jovem com pouco dinheiro, quero indicar orçamento e janela de datas em vez de destino, para ver onde posso ir.;"Entrada por orçamento total, datas flexíveis, interesses; devolve 2--3 viagens completas dentro do orçamento.";;Sequência;por validar;
US-02;Historia de produto;Como viajante, quero ver o custo total real por pessoa (voo, bagagem, alojamento, transporte local), para não ter surpresas no pagamento.;"Total por pessoa em destaque; bagagem, taxas e transferes decompostos desde o início; nada aparece só no fim.";;Sequência, Artefacto;por validar;
US-03;Historia de produto;Como viajante, quero ver o compromisso entre preço e tempo/custo de deslocação, para decidir entre uma opção barata e uma central.;"Comparação com custo de transporte local e tempo diário; aeroporto de partida incluído.";;Sequência, Físico;por validar;
US-04;Historia de produto;Como organizador(a) do grupo, quero partilhar propostas com o grupo para votar, para decidir sem depender de dezenas de mensagens.;"Link partilhável sem conta; votação; prazo de decisão visível.";;Fluxo;por validar;
US-05;Historia de produto;Como organizador(a), quero que o preço fique congelado ou receber alerta de subida durante a decisão do grupo, para não perder o negócio por esperar.;"Aviso de variação de preço; indicação do tempo restante; sem urgência falsa.";;Fluxo, Cultural;por validar;
US-06;Historia de produto;Como organizador(a), quero dividir despesas e cobrar aos amigos no mesmo sítio, para deixar de ser o «banco» do grupo.;"Divisão por pessoa; estado de pagamento; pedido de pagamento.";;Fluxo;por validar;
US-07;Historia de produto;Como viajante, quero receber um alerta quando houver uma viagem dentro do meu orçamento e das minhas datas, para não depender de acaso (um reel, um amigo).;"Alertas configuráveis; o alerta substitui o gatilho observado.";;Sequência;por validar;
US-08;Historia de produto;Como viajante, quero manter alternativas descartadas visíveis e marcar o que está decidido ou em aberto, para justificar a escolha ao grupo.;"Estados «decidido / em aberto»; lista de opções excluídas.";;Artefacto;por validar;
US-09;Historia de produto;Como viajante, quero perceber porque o agente recomenda uma opção, para sentir que fui eu a encontrar o negócio.;"Explicação em linguagem simples; fontes dos preços; nada que pareça mais uma plataforma a vender.";;Cultural;por validar;
US-10;Historia de produto;Como jovem cujos pais financiam, quero um resumo partilhável (orçamento, datas, alojamento), para os pais autorizarem e ficarem tranquilos.;"Resumo em página/PDF; sem dados de pagamento.";;Cultural, Fluxo;por validar;
US-11;Historia de produto;Como viajante, quero passar do telemóvel ao portátil sem perder o estado, para continuar onde fiquei.;"Sessão sincronizada; modo «mostrar ao grupo» num ecrã.";;Físico;por validar;
US-12;Historia de produto;Como viajante, quero reajustar a viagem quando algo muda (voo cancelado, preço), para recalcular sem recomeçar.;"Recalcula total e itinerário; mostra o que mudou.";;Sequência;por validar;
US-13;Historia de produto;Como agente de viagens parceiro, quero poder rever ou ajustar a proposta do Roamly antes de o cliente a ver, para manter o aconselhamento humano.;"Modo de revisão humana; histórico de alterações. Hipótese nascida das entrevistas a agentes: confirmar.";;Cultural, Fluxo;por validar;
US-14;Historia de produto;Como viajante, quero poder falar com uma pessoa quando o agente de IA não consegue ajudar, para não ficar bloqueado.;Escalamento claro para ajuda humana. Hipótese: confirmar nas entrevistas.;;Cultural;por validar;
RF-01;Requisito;O sistema aceita orçamento total, número de pessoas, janela de datas flexível e interesses como entrada, sem exigir destino.;M;US-01;a preencher;por validar;
RF-02;Requisito;O sistema combina automaticamente voo/transporte, alojamento e atividades numa só proposta dentro do orçamento.;M;US-01;a preencher;por validar;
RF-03;Requisito;O sistema apresenta o custo total por pessoa, decomposto (transporte, bagagem, taxas, alojamento, transporte local, atividades), antes de qualquer reserva.;M;US-02;a preencher;por validar;
RF-04;Requisito;O sistema inclui o custo e o tempo de chegada ao aeroporto de partida e ao centro do destino nas comparações.;S;US-03;a preencher;por validar;
RF-05;Requisito;O sistema gera um link partilhável de uma proposta e recolhe votos dos membros do grupo.;S;US-04;a preencher;por validar;
RF-06;Requisito;O sistema informa da variação de preço durante a decisão e indica o prazo, sem recorrer a escassez artificial.;S;US-05;a preencher;por validar;
RF-07;Requisito;O sistema divide as despesas por pessoa e acompanha quem já pagou.;S;US-06;a preencher;por validar;
RF-08;Requisito;O sistema envia alertas de oportunidades dentro do orçamento e das datas definidos pelo utilizador.;C;US-07;a preencher;por validar;
RF-09;Requisito;O sistema guarda alternativas descartadas e permite marcar cada item como decidido ou em aberto.;S;US-08;a preencher;por validar;
RF-10;Requisito;O sistema explica em linguagem simples porque recomenda cada opção e de onde vêm os preços.;M;US-09;a preencher;por validar;
RF-11;Requisito;O sistema produz um resumo partilhável da viagem para quem financia.;C;US-10;a preencher;por validar;
RF-12;Requisito;O sistema recalcula o itinerário e o custo quando um elemento muda e mostra o que mudou.;S;US-12;a preencher;por validar;
RF-13;Requisito;O sistema permite revisão humana (por um agente de viagens) de uma proposta antes de ser entregue ao cliente.;C;US-13;a preencher;por validar;
RF-14;Requisito;O sistema oferece um caminho para ajuda humana quando o agente de IA não consegue resolver.;S;US-14;a preencher;por validar;
RNF-01;Requisito;A experiência é pensada primeiro para telemóvel e mantém o estado sincronizado com o portátil.;M;US-11;a preencher;por validar;
RNF-02;Requisito;"Nenhum elemento da interface usa urgência ou escassez falsas; os preços são verificáveis.";M;US-05, US-09;a preencher;por validar;
RNF-03;Requisito;Os dados pessoais e de pagamento seguem o RGPD, com consentimento explícito e minimização de dados.;M;Todas;---;por validar;
RNF-04;Requisito;O tom e a linguagem do sistema são simples, sem jargão, e coerentes com a identidade do utilizador (viajante esperto, não turista).;S;US-09;a preencher;por validar;
RNF-05;Requisito;A informação de preços e disponibilidade é atualizada com a frequência suficiente para o utilizador confiar no total apresentado.;S;US-02, US-05;a preencher;por validar;
